CHR	F	SNP	BP	P	TOTAL	NSIG	S05	S01	S001	S0001	SP2	MAPPED_GENE	REPORTED_GENE	MAPPED_TRAIT	n_studies	cross_trait_flag	n_absorbed
6	1	rs9271365	32586794	0.0	7	0	0	0	0	7	rs9268645(1),rs9272346(1),rs9273363(1),rs9273364(1),rs9273367(1),rs9273368(1),rs2647044(1)	HLA-DRB1 - HLA-DQA1		type 1 diabetes mellitus	4		7
6	1	rs1770	32627833	2e-232	3	0	0	0	0	3	rs9268853(1),rs138748427(1),rs9274655(1)	HLA-DQB1-AS1, HLA-DQB1	HLA-DQB1	type 1 diabetes mellitus	1		3
11	1	rs689	2182224	5e-196	8	0	0	0	0	8	rs1004446(1),rs3842755(1),rs3842754(1),rs3842753(1),rs3842727(1),rs10770140(1),rs4929965(1),rs7111341(1)	INS-IGF2, INS	INS	type 1 diabetes mellitus	9		8
1	1	rs2476601	114377568	5e-135	1	0	0	0	0	1	rs6679677(1)	AP4B1-AS1, PTPN22	PTPN22	type 1 diabetes mellitus	7		1
10	1	rs7903146	114758349	4e-98	1	0	0	0	0	1	rs35198068(1)	TCF7L2		type 1 diabetes mellitus	7	TCF7L2 - primarily T2D	1
12	1	rs3184504	111884608	5.000000000000001e-49	4	0	0	0	0	4	rs1265564(1),rs597808(1),rs653178(1),rs17696736(1)	ATXN2, SH2B3	SH2B3	type 1 diabetes mellitus	4		4
6	1	rs9269173	32447188	4e-42	0	0	0	0	0	0	NONE	HLA-DRB9 - HLA-DRB5		type 1 diabetes mellitus	1		0
10	1	rs61839660	6094697	3e-39	2	0	0	0	0	2	rs12722495(1),rs12251307(1)	IL2RA	IL2RA	type 1 diabetes mellitus	5		2
12	1	rs705704	56435412	2e-37	8	0	0	0	0	8	rs705699(1),rs773125(1),rs1701704(1),rs705705(1),rs10876866(1),rs7302200(1),rs11171739(1),rs2292239(1)	RPS26		type 1 diabetes mellitus	1		8
16	1	rs1421085	53800954	1e-34	0	0	0	0	0	0	NONE	FTO		type 1 diabetes mellitus	2	FTO - primarily T2D/obesity	0
12	1	rs11066320	112906415	2e-33	0	0	0	0	0	0	NONE	PTPN11		type 1 diabetes mellitus	1		0
10	1	rs10509540	90023033	9.999999999999999e-29	3	0	0	0	0	3	rs737391(1),rs12416116(1),rs60888743(1)	MED6P1 - RNLS	C10orf59	type 1 diabetes mellitus	1		3
3	1	rs7633675	185510613	2e-25	0	0	0	0	0	0	NONE	IGF2BP2		type 1 diabetes mellitus	1		0
9	1	rs10811661	22134094	2e-24	2	0	0	0	0	2	rs10965250(1),rs10811662(1)	CDKN2B-AS1		type 1 diabetes mellitus	1	CDKN2A/B - primarily T2D	2
22	1	rs5763842	30568738	1.0000000000000001e-23	2	0	0	0	0	2	rs4820830(1),rs5753037(1)	HORMAD2		type 1 diabetes mellitus	1		2
2	1	rs3087243	204738919	4.0000000000000004e-23	1	0	0	0	0	1	rs231770(1)	CTLA4 - ICOS	CTLA4	type 1 diabetes mellitus	5		1
16	1	rs12927355	11194771	7.000000000000001e-23	2	0	0	0	0	2	rs12708716(1),rs2903692(1)	CLEC16A	DEXI	type 1 diabetes mellitus	2		2
16	1	rs8056814	75252327	3e-19	3	0	0	0	0	3	rs72802342(1),rs55993634(1),rs7202877(1)	CTRB2 - CTRB1	BCAR1	type 1 diabetes mellitus	1		3
18	1	rs7237497	12777325	1e-18	3	0	0	0	0	3	rs2847278(1),rs2542151(1),rs1893217(1)	LINC01882 - PTPN2		type 1 diabetes mellitus	1		3
2	1	rs2111485	163110536	4e-18	1	0	0	0	0	1	rs1990760(1)	FAP - IFIH1	IFIH1	type 1 diabetes mellitus	1		1
21	1	rs11203203	43836186	3e-17	2	0	0	0	0	2	rs11203202(1),rs9976767(1)	UBASH3A	UBASH3A	type 1 diabetes mellitus	2		2
9	1	rs541856133	135936325	4e-17	0	0	0	0	0	0	NONE	GTF3C5 - CEL	CEL	type 1 diabetes mellitus	1		0
7	1	rs7795896	117086613	2e-16	0	0	0	0	0	0	NONE	CFTR	CFTR	type 1 diabetes mellitus	1		0
17	1	rs73239895	6953558	2e-16	1	0	0	0	0	1	rs186568031(1)	SLC16A11 - CLEC10A		type 1 diabetes mellitus	1		1
6	1	rs212408	159470242	1e-15	1	0	0	0	0	1	rs1994565(1)	TAGAP, TAGAP-AS1	TAGAP	type 1 diabetes mellitus	1		1
17	1	rs1052553	44073889	2e-15	0	0	0	0	0	0	NONE	MAPT	Intergenic, MAPT	type 1 diabetes mellitus	2		0
10	1	rs722988	33426147	3e-15	1	0	0	0	0	1	rs1022674(1)	ITGB1-DT - NRP1	NRP1	type 1 diabetes mellitus	3		1
15	1	rs3825932	79235446	3e-15	2	0	0	0	0	2	rs34593439(1),rs2289702(1)	CTSH	CTSH	type 1 diabetes mellitus	2		2
6	1	rs7754251	90989125	4e-15	3	0	0	0	0	3	rs17711850(1),rs11755527(1),rs72928038(1)	BACH2		type 1 diabetes mellitus	1		3
19	1	rs34536443	10463118	4e-15	0	0	0	0	0	0	NONE	TYK2	TYK2	type 1 diabetes mellitus	2		0
4	1	rs1801214	6303022	2e-14	0	0	0	0	0	0	NONE	WFS1		type 1 diabetes mellitus	1		0
5	1	rs1876142	40521705	2e-14	0	0	0	0	0	0	NONE	TTC33	PTGER4	type 1 diabetes mellitus	1		0
6	1	rs72848653	29836602	2e-14	0	0	0	0	0	0	NONE	POLR1HASP		type 1 diabetes mellitus	1		0
11	1	rs2237897	2858546	2e-14	0	0	0	0	0	0	NONE	KCNQ1		type 1 diabetes mellitus	4		0
19	1	rs516246	49206172	5e-14	1	0	0	0	0	1	rs12979891(1)	FUT2	FUT2	type 1 diabetes mellitus	1		1
6	1	rs1050979	410417	6e-14	1	0	0	0	0	1	rs9405661(1)	IRF4	IRF4	type 1 diabetes mellitus	1		1
19	1	rs11085725	10462513	6e-14	1	0	0	0	0	1	rs2304256(1)	TYK2		type 1 diabetes mellitus	1		1
2	1	rs2972144	227101411	1e-13	0	0	0	0	0	0	NONE	NYAP2 - MIR5702		type 1 diabetes mellitus	1		0
6	1	rs12665429	138003605	1e-13	0	0	0	0	0	0	NONE	LINC03004	TNFAIP3	type 1 diabetes mellitus	2		0
16	1	rs4788084	28539848	3e-13	0	0	0	0	0	0	NONE	IL27 - NUPR1	IL27	type 1 diabetes mellitus	2		0
6	1	rs9388489	126698719	4e-13	2	0	0	0	0	2	rs1538171(1),rs2326451(1)	CENPW - MIR588	C6orf173	type 1 diabetes mellitus	1		2
4	1	rs4505848	123132492	5e-13	1	0	0	0	0	1	rs45485691(1)	BLTP1	IL2	type 1 diabetes mellitus	1		1
6	1	rs74770208	33592294	5e-13	0	0	0	0	0	0	NONE	ITPR3		type 1 diabetes mellitus	2		0
14	1	rs8013873	101302090	5e-13	2	0	0	0	0	2	rs941576(1),rs56994090(1)	MEG3		type 1 diabetes mellitus	1		2
17	1	rs2290400	38066240	6e-13	3	0	0	0	0	3	rs2313430(1),rs12453507(1),rs56380902(1)	GSDMB	ORMDL3	type 1 diabetes mellitus	1		3
1	1	rs2229238	154437896	1e-12	0	0	0	0	0	0	NONE	IL6R	IL6R	type 1 diabetes mellitus	1		0
18	1	rs1615504	67526644	1e-12	1	0	0	0	0	1	rs763361(1)	CD226	CD226	type 1 diabetes mellitus	3		1
9	1	rs1574285	4283137	2e-12	2	0	0	0	0	2	rs6476839(1),rs7020673(1)	GLIS3		type 1 diabetes mellitus	1		2
14	1	rs1465788	69263599	2e-12	1	0	0	0	0	1	rs434943(1)	ZFP36L1 - MAGOH3P	intergenic	type 1 diabetes mellitus	1		1
1	1	rs2269242	64108682	5e-12	2	0	0	0	0	2	rs2269247(1),rs855330(1)	PGM1	PGM1	type 1 diabetes mellitus	1		2
16	1	rs151233	28506428	7e-12	1	0	0	0	0	1	rs151234(1)	CLN3, APOBR		type 1 diabetes mellitus	1		1
3	1	rs569848643	86461838	8e-12	0	0	0	0	0	0	NONE	RN7SKP284 - LINC02070		type 1 diabetes mellitus	1		0
21	1	rs2128344	22096544	8e-12	0	0	0	0	0	0	NONE	LINC00320	intergenic	type 1 diabetes mellitus	1		0
19	1	rs4804000	47276454	1e-11	2	0	0	0	0	2	rs425105(1),rs402072(1)	FKRP		type 1 diabetes mellitus	1		2
20	1	rs1048055	1610062	1e-11	2	0	0	0	0	2	rs2281808(1),rs6043409(1)	SIRPG		type 1 diabetes mellitus	1		2
2	1	rs192324744	142300935	2e-11	0	0	0	0	0	0	NONE	LRP1B	LRP1B	type 1 diabetes mellitus	1		0
4	1	rs2611215	166574267	2e-11	0	0	0	0	0	0	NONE	NOL8P1 - LINC01179	Intergenic	type 1 diabetes mellitus	1		0
5	1	rs10214237	35883734	2e-11	1	0	0	0	0	1	rs11954020(1)	IL7R - CAPSL		type 1 diabetes mellitus	1		1
10	1	rs78325861	72378489	2e-11	0	0	0	0	0	0	NONE	PALD1	PRF1	type 1 diabetes mellitus	2		0
12	1	rs4763879	9910164	2e-11	2	0	0	0	0	2	rs3764021(1),rs10743819(1)	CD69	CD69	type 1 diabetes mellitus	1		2
16	1	rs4238595	20343091	2e-11	1	0	0	0	0	1	rs8062123(1)	UMOD	GP2, UMOD	type 1 diabetes mellitus	2		1
2	1	rs10933559	242407746	3e-11	1	0	0	0	0	1	rs13018977(1)	FARP2	FARP2	type 1 diabetes mellitus	1		1
5	1	rs75486563	54772208	4e-11	0	0	0	0	0	0	NONE	PLPP1		type 1 diabetes mellitus	1		0
12	1	rs7314942	9127604	4e-11	2	0	0	0	0	2	rs1805731(1),rs7301381(1)	KLRG1		type 1 diabetes mellitus	1		2
10	1	rs10795791	6108340	6e-11	1	0	0	0	0	1	rs706779(1)	IL2RA - RPL32P23	IL2RA	type 1 diabetes mellitus	1		1
13	1	rs539514	76326282	6e-11	0	0	0	0	0	0	NONE	LMO7	LMO7	type 1 diabetes mellitus	1		0
17	1	rs1352312	43376761	7e-11	0	0	0	0	0	0	NONE	MAP3K14		type 1 diabetes mellitus	1		0
21	1	rs56178904	45624551	7e-11	0	0	0	0	0	0	NONE	GATD3	ICOSLG	type 1 diabetes mellitus	1		0
2	1	rs4490209	100766711	9e-11	1	0	0	0	0	1	rs12712067(1)	AFF3		type 1 diabetes mellitus	1		1
4	1	rs12506688	26104113	1e-10	1	0	0	0	0	1	rs10517086(1)	LINC02357		type 1 diabetes mellitus	1		1
11	1	rs607703	128604174	1e-10	1	0	0	0	0	1	rs605093(1)	FLI1	FLI1	type 1 diabetes mellitus	1		1
1	1	rs12130424	113771951	2e-10	0	0	0	0	0	0	NONE	LRIG2 - MAGI3		type 1 diabetes mellitus	1		0
1	1	rs7545300	114503636	2e-10	0	0	0	0	0	0	NONE	HIPK1		type 1 diabetes mellitus	1		0
11	1	rs11033048	35289043	2e-10	0	0	0	0	0	0	NONE	SLC1A2, SLC1A2-AS1	SLC1A2	type 1 diabetes mellitus	1		0
17	1	rs61759532	7240391	2e-10	0	0	0	0	0	0	NONE	ACAP1	NEURL4	type 1 diabetes mellitus	1		0
4	1	rs337637	38604470	3e-10	0	0	0	0	0	0	NONE	KLF3-AS1	KLF3	type 1 diabetes mellitus	1		0
8	1	rs13259300	120082941	3e-10	0	0	0	0	0	0	NONE	COLEC10	COLEC10	type 1 diabetes mellitus	1		0
17	1	rs11651753	46029089	3e-10	1	0	0	0	0	1	rs2597169(1)	PRR15L	PRR15L	type 1 diabetes mellitus	2		1
15	1	rs72727394	38847022	4e-10	1	0	0	0	0	1	rs17652674(1)	RASGRP1	RASGRP1	type 1 diabetes mellitus	1		1
16	1	rs193778	11351211	4e-10	1	0	0	0	0	1	rs12920953(1)	RMI2	DEXI	type 1 diabetes mellitus	1		1
1	1	rs3024505	206939904	5e-10	0	0	0	0	0	0	NONE	Y_RNA - IL10	IL10, intergenic	type 1 diabetes mellitus	4		0
8	1	rs36104352	23377604	6e-10	0	0	0	0	0	0	NONE	ENTPD4-DT - SLC25A37		type 1 diabetes mellitus	1		0
11	1	rs72853903	2198665	6e-10	0	0	0	0	0	0	NONE	MIR4686 - ASCL2	INS	type 1 diabetes mellitus	1		0
2	1	rs12464462	60636416	9e-10	0	0	0	0	0	0	NONE	MIR4432HG	BCL11A	type 1 diabetes mellitus	2		0
11	1	rs4366464	2164799	1e-09	0	0	0	0	0	0	NONE	IGF2, INS-IGF2, IGF2-AS	INS	type 1 diabetes mellitus	1		0
11	1	rs79538630	60729294	1e-09	0	0	0	0	0	0	NONE	SLC15A3 - CD6	CD5/CD6	type 1 diabetes mellitus	1		0
17	1	rs7221109	38770286	1e-09	1	0	0	0	0	1	rs9911533(1)	CCR7 - SMARCE1	intergenic	type 1 diabetes mellitus	1		1
1	1	rs78037977	172715702	2e-09	0	0	0	0	0	0	NONE	FASLG - SLC25A38P1	FASLG	type 1 diabetes mellitus	1		0
8	1	rs1947178	59872177	2e-09	0	0	0	0	0	0	NONE	TOX	TOX	type 1 diabetes mellitus	1		0
13	1	rs238265	42930659	2e-09	1	0	0	0	0	1	rs74537115(1)	LINC02341	AKAP11	type 1 diabetes mellitus	1		1
14	1	rs55846421	50310401	2e-09	0	0	0	0	0	0	NONE	NEMF		type 1 diabetes mellitus	1		0
1	1	rs6696593	113862938	3e-09	0	0	0	0	0	0	NONE	LRIG2 - MAGI3		type 1 diabetes mellitus	1		0
2	1	rs60587303	169046632	3e-09	0	0	0	0	0	0	NONE	STK39	STK39	type 1 diabetes mellitus	1		0
2	1	rs7582694	191970120	3e-09	0	0	0	0	0	0	NONE	STAT4	STAT4	type 1 diabetes mellitus	1		0
5	1	rs10213692	55442249	3e-09	0	0	0	0	0	0	NONE	ANKRD55	ANKRD55, IL6ST	type 1 diabetes mellitus	1		0
7	1	rs73069541	26904928	3e-09	1	0	0	0	0	1	rs7804356(1)	SKAP2		type 1 diabetes mellitus	1		1
11	1	rs645078	64135298	3e-09	1	0	0	0	0	1	rs542907(1)	RPS6KA4	CCDC88B	type 1 diabetes mellitus	1		1
12	1	rs7313065	53471218	3e-09	0	0	0	0	0	0	NONE	SPRYD3	ITGB7	type 1 diabetes mellitus	1		0
1	1	rs12128789	212852832	4e-09	1	0	0	0	0	1	rs11120029(1)	LINC02773 - BATF3	BATF3	type 1 diabetes mellitus	1		1
2	1	rs478222	25301755	4e-09	0	0	0	0	0	0	NONE	EFR3B	EFR3B, 3NCOA1, C2orf79, CENPO, ADCY3, DNAJC27, POMC, DNMT3A	type 1 diabetes mellitus	1		0
2	1	rs7567242	60553143	4e-09	0	0	0	0	0	0	NONE	MIR4432HG		type 1 diabetes mellitus	2		0
10	1	rs947474	6390450	4e-09	0	0	0	0	0	0	NONE	LINC02649	PRKCQ	type 1 diabetes mellitus	1		0
13	1	rs9517712	100079833	4e-09	1	0	0	0	0	1	rs9585056(1)	CCR12P - LNCARGI		type 1 diabetes mellitus	1		1
14	1	rs4900384	98498951	4e-09	2	0	0	0	0	2	rs8011031(1),rs1456988(1)	LINC01550 - LINC02295	intergenic	type 1 diabetes mellitus	1		2
1	1	rs2816313	192539337	5e-09	0	0	0	0	0	0	NONE	RGS2-AS1	RGS1	type 1 diabetes mellitus	1		0
5	1	rs114378220	110566360	5e-09	0	0	0	0	0	0	NONE	CAMK4	CAMK4	type 1 diabetes mellitus	2		0
1	1	rs857786	158785094	6e-09	0	0	0	0	0	0	NONE	OR10AA1P - MNDA	NR	type 1 diabetes mellitus	1		0
4	1	rs113881148	967331	6e-09	0	0	0	0	0	0	NONE	DGKQ	TMEM175	type 1 diabetes mellitus	1		0
22	1	rs6000602	37590549	6e-09	2	0	0	0	0	2	rs229533(1),rs229541(1)	C1QTNF6		type 1 diabetes mellitus	1		2
1	1	rs1493696	120505532	8e-09	1	0	0	0	0	1	rs2641348(1)	NOTCH2	NOTCH2	type 1 diabetes mellitus	1		1
6	1	rs924043	170379025	8e-09	0	0	0	0	0	0	NONE	LINC00574 - RPL12P23	WDR27, C6orf120, PHF10, TCTE3, C6orf208, LOC154449, DLL1, FAM120B, PSMB1, TBP, PCD2	type 1 diabetes mellitus	1		0
10	1	rs537544	8108382	8e-09	1	0	0	0	0	1	rs3802604(1)	GATA3	GATA3	type 1 diabetes mellitus	2		1
11	1	rs968567	61595564	8e-09	0	0	0	0	0	0	NONE	FADS2, FADS1	FADS2	type 1 diabetes mellitus	1		0
12	1	rs11170445	53545692	8e-09	0	0	0	0	0	0	NONE	HIGD1AP1 - EIF4A1P4	CSAD	type 1 diabetes mellitus	1		0
23	1	rs2664170	153945602	8e-09	0	0	0	0	0	0	NONE	GAB3	intergenic	type 1 diabetes mellitus	1		0
2	1	rs35667974	163124637	9e-09	0	0	0	0	0	0	NONE	IFIH1	IFIH1	type 1 diabetes mellitus	1		0
7	1	rs7805218	20378801	9e-09	0	0	0	0	0	0	NONE	ITGB8	ITGB8	type 1 diabetes mellitus	1		0
1	1	rs34090353	92823698	1e-08	0	0	0	0	0	0	NONE	RPAP2	RPAP2	type 1 diabetes mellitus	1		0
4	1	rs13147255	125499906	1e-08	0	0	0	0	0	0	NONE	LINC02516	NR	type 1 diabetes mellitus	1		0
21	1	rs9976073	45721710	1e-08	0	0	0	0	0	0	NONE	PFKL		type 1 diabetes mellitus	1		0
1	1	rs574384	36087661	2e-08	0	0	0	0	0	0	NONE	PSMB2	PSMB2	type 1 diabetes mellitus	1		0
4	1	rs12644686	185302902	2e-08	0	0	0	0	0	0	NONE	LINC02362	IRF2	type 1 diabetes mellitus	1		0
7	1	rs17143056	20596929	2e-08	0	0	0	0	0	0	NONE	ITGB8 - EEF1A1P27	ABCB5	type 1 diabetes mellitus	1		0
16	1	rs8046043	80284024	2e-08	0	0	0	0	0	0	NONE	DYNLRB2-AS1	16q23	type 1 diabetes mellitus	1		0
21	1	rs74203920	45714294	2e-08	0	0	0	0	0	0	NONE	AIRE	AIRE	type 1 diabetes mellitus	1		0
1	1	rs10751776	25296743	3e-08	0	0	0	0	0	0	NONE	RUNX3 - MIR4425	RUNX3	type 1 diabetes mellitus	1		0
2	1	rs10169963	12652931	3e-08	1	0	0	0	0	1	rs1881146(1)	MIR3681HG	AC096559.1	type 1 diabetes mellitus	1		1
6	1	rs4320356	26423560	3e-08	0	0	0	0	0	0	NONE	BTN2A3P, BTN2A3P	BTN3A1	type 1 diabetes mellitus	1		0
6	1	rs2817023	35772268	3e-08	0	0	0	0	0	0	NONE	LHFPL5		type 1 diabetes mellitus	1		0
7	1	rs10245867	28142186	3e-08	0	0	0	0	0	0	NONE	JAZF1	JAZF1	type 1 diabetes mellitus	1		0
7	1	rs62447205	50465830	3e-08	1	0	0	0	0	1	rs11978267(1)	IKZF1	IKZF1	type 1 diabetes mellitus	1		1
8	1	rs3802214	141616183	3e-08	0	0	0	0	0	0	NONE	AGO2	AGO2	type 1 diabetes mellitus	1		0
9	1	rs1405209	102585545	3e-08	0	0	0	0	0	0	NONE	NAMA, NR4A3	NR4A3	type 1 diabetes mellitus	1		0
14	1	rs911263	68753593	3e-08	0	0	0	0	0	0	NONE	RAD51B	RAD51B	type 1 diabetes mellitus	1		0
15	1	rs7167984	93832067	3e-08	0	0	0	0	0	0	NONE	RGMA - SEPHS1P2		type 1 diabetes mellitus	1		0
1	1	rs12742756	38347417	4e-08	0	0	0	0	0	0	NONE	INPP5B	INPP5B	type 1 diabetes mellitus	1		0
1	1	rs6691977	200814959	4e-08	0	0	0	0	0	0	NONE	CAMSAP2	IL10	type 1 diabetes mellitus	1		0
2	1	rs4849135	111615079	4e-08	0	0	0	0	0	0	NONE	ACOXL	Intergenic	type 1 diabetes mellitus	1		0
4	1	rs1004707	38559499	4e-08	0	0	0	0	0	0	NONE	LINC01259		type 1 diabetes mellitus	1		0
7	1	rs4948088	51027194	4e-08	0	0	0	0	0	0	NONE	GRB10 - COBL	COBL	type 1 diabetes mellitus	1		0
11	1	rs140215710	2903060	4e-08	0	0	0	0	0	0	NONE	KCNQ1DN - CDKN1C	CDKN1C	type 1 diabetes mellitus	1		0
11	1	rs2212434	76281593	4e-08	1	0	0	0	0	1	rs7936434(1)	EMSY - LINC02757		type 1 diabetes mellitus	1		1
17	1	rs57209021	66164918	4e-08	0	0	0	0	0	0	NONE	RDM1P3 - ARHGAP27P2	intergenic	type 1 diabetes mellitus	1		0
3	1	rs113010081	46457412	5e-08	0	0	0	0	0	0	NONE	CCRL2 - LINC02009	CCR5	type 1 diabetes mellitus	1		0
10	1	rs41295121	6129643	5e-08	0	0	0	0	0	0	NONE	RBM17	IL2RA	type 1 diabetes mellitus	1		0
